I try to buy British food whenever I can,British food tends to be more expensive than imported food,I think that British food tastes better,I try to buy British food whenever I can,I usually check the label to see which country my groceries come from,I'm prepared to pay more for British food,It's important to support British farmers
Strongly agree,0.1,0.14,0.17,0.15,0.12,0.25
Agree,0.34,0.31,0.43,0.33,0.29,0.52
Neither agree nor disagree,0.45,0.46,0.31,0.29,0.38,0.21
Disagree,0.1,0.07,0.07,0.18,0.16,0.02
Strongly disagree,0.01,0.02,0.02,0.05,0.05,0.01